Workflow,ChunkFunc,SLAM,StepConf
Cyclic,1.0,0.6666666666666666,0.5821596244131456
FaceDet,1.0,0.7370892018779344,0.3568075117370892
High Resources - Low Resources,1.0,0.6338028169014085,0.6009389671361501
Homogeneous,1.0,0.6666666666666666,0.619718309859155
Low Resources - High Resources,1.0,0.6338028169014085,0.6103286384976526
Random,1.0,0.6666666666666666,0.6619718309859155
Staircase,1.0,0.6666666666666666,0.5821596244131456
VidPro,0.9953051643192489,0.6666666666666666,0.6197183098591549
