Workflow,ChunkFunc,SLAM,ChunkFunc/SLAM (both SLO compliant),StepConf,ChunkFunc/StepConf (both SLO compliant)
Cyclic,479.68028169014025,654.460070422535,0.46752042566429,321.2264516129025,0.95074447530734
FaceDet,44.928403755868175,39.41191082802547,0.8843910551144331,9.292894736841168,1.0182793871945186
High Resources - Low Resources,601.3276056338022,869.8058518518511,0.4476531544417018,417.1185937499995,0.9654789424020966
Homogeneous,177.8772300469481,159.41992957746467,0.5739690948213221,87.71401515151453,1.0175285556971114
Low Resources - High Resources,600.5626291079807,869.7131851851849,0.4418468992076392,415.4629230769225,0.9676818333136458
Random,440.8924882629103,569.852112676056,0.5029094526625384,357.49921985815547,0.940185357742188
Staircase,480.2436150234739,650.3021830985912,0.4741366716730061,322.19935483870904,0.9576036374995245
VidPro,22.97320754716969,10.804366197183063,0.383100207271433,3.9527272727263787,0.8704385157928716
