Workflow,ChunkFunc,SLAM,ChunkFunc/SLAM (both SLO compliant),StepConf,ChunkFunc/StepConf (both SLO compliant)
Cyclic,404.4050234741782,561.3160294117641,0.4770434449084862,231.55293577981652,0.9544115182412166
FaceDet,52.18316037735817,39.33955414012734,1.0331314328458163,9.292236842104327,1.3314736409850196
High Resources - Low Resources,476.46460093896644,790.5645112781951,0.4159989226314722,364.4437190082639,0.8560133195185502
Homogeneous,179.06938967136122,246.4418987341769,0.5139083287148587,34.19593749999984,1.6842339337336067
Low Resources - High Resources,459.6192488262903,798.9307518796991,0.3828665173631027,325.9399999999993,0.8401148784385492
Random,372.5373708920186,469.06578947368376,0.511067992289906,275.7178399999999,0.9020836664033055
Staircase,394.6787323943658,560.0139436619714,0.5025519988310151,287.95594827586194,0.8686032855240965
VidPro,25.140187793427042,11.422535211267421,0.4718372379777871,3.9427272727271663,1.2138190761662924
