Workflow,ChunkFunc,SLAM,ChunkFunc/SLAM,StepConf,ChunkFunc/StepConf
Cyclic,637.2633802816897,711.3113114754093,0.5816624986546433,489.1221126760558,0.8473969028155358
FaceDet,74.99633802816871,57.4309868421051,1.0220905869859795,49.29598425196803,1.0521803855547192
High Resources - Low Resources,798.9726291079808,391.30591549295707,0.644408106909617,683.6024999999993,0.8684744606697608
Homogeneous,259.7024882629107,261.0095918367343,0.6434433952306086,62.624823529411636,1.2910798386657436
Low Resources - High Resources,786.5830046948352,393.9063380281686,0.6694638569617768,636.3864473684204,0.8403871406338875
Random,565.073849765258,727.987872340425,0.5509794849867441,428.6027272727269,0.874925334706908
Staircase,610.2743192488258,688.2246564885494,0.5848121447117551,458.25020408163215,0.8842927800782566
VidPro,24.394084507042095,11.05746478873226,0.4499159321342876,3.196749999999888,0.8310784390396435
