Workflow,ChunkFunc,CF-Oracle,SLAM,StepConf
Cyclic,1.0,1.0,0.6384976525821596,0.5117370892018779
FaceDet,1.0,1.0,0.7370892018779344,0.3568075117370892
High Resources - Low Resources,1.0,1.0,0.6244131455399061,0.568075117370892
Homogeneous,1.0,1.0,0.7417840375586855,0.4507042253521127
Low Resources - High Resources,1.0,1.0,0.6244131455399061,0.539906103286385
Random,1.0,1.0,0.6244131455399061,0.5868544600938966
Staircase,1.0,1.0,0.6666666666666666,0.5446009389671361
VidPro,1.0,1.0,0.6666666666666666,0.6197183098591549
