Workflow,ChunkFunc,SLAM,ChunkFunc/SLAM,StepConf,ChunkFunc/StepConf
FaceDet,759.6311111111111,1612.1573459715637,0.37873730175808684,1115.3485714285714,0.5674624318456354
