Workflow,ChunkFunc,SLAM,StepConf
FaceDet-0.33MB,1.0,1.0,1.0
FaceDet-0.82MB,1.0,1.0,0.8271604938271605
FaceDet-1.54MB,1.0,0.6049382716049383,0.5061728395061729
