Workflow,ChunkFunc,SLAM,StepConf
FaceDet,1.0,0.8683127572016461,0.7777777777777778
