Workflow,ChunkFunc,SLAM,StepConf
Cyclic,1.0,0.5637860082304527,0.6666666666666666
FaceDet,0.683127572016461,0.7366255144032922,0.6460905349794238
High Resources - Low Resources,1.0,0.3333333333333333,0.7511737089201879
Homogeneous,1.0,0.6872427983539094,0.4156378600823045
Long-Short,1.0,0.7078189300411523,0.46913580246913583
Low Resources - High Resources,1.0,0.3333333333333333,0.7136150234741784
Random,1.0,0.6419753086419754,0.6748971193415638
Staircase,1.0,0.6213991769547325,0.6995884773662552
VidPro,0.757201646090535,0.6666666666666666,0.5473251028806584
