Workflow,ChunkFunc,SLAM,ChunkFunc/SLAM,StepConf,ChunkFunc/StepConf
Cyclic,555.8515226337446,714.0059124087587,0.5177959126675121,491.4754938271601,0.7002744193190996
FaceDet,57.64367469879483,54.24608938547471,0.7931854109917009,45.02171974522257,0.843431549669586
High Resources - Low Resources,720.4709389671356,391.30591549295707,0.5166042057797061,683.6024999999993,0.7191076868501797
Homogeneous,247.22226337448552,262.05143712574807,0.5955714686904964,73.11267326732663,1.1106010254076863
Long-Short,129.42983539094598,143.28273255813923,0.6452249435272495,50.16166666666614,1.1114676580809775
Low Resources - High Resources,715.345399061032,393.9063380281686,0.5570663648861958,636.3864473684204,0.6787125788554905
Random,499.3685185185182,722.4760256410252,0.49293304560012885,434.73384146341425,0.7364931023818189
Staircase,526.6158024691352,682.6925827814567,0.49231034728283657,468.02782352941114,0.661186684099851
VidPro,30.829347826086952,18.195061728394723,1.2772492875560018,24.06924812030075,0.759319132453041
