Workflow,ChunkFunc,SLAM,ChunkFunc/SLAM (both SLO compliant),StepConf,ChunkFunc/StepConf (both SLO compliant)
Cyclic,12594.533990610325,11295.090985915496,0.5177527826933559,18936.134634146343,0.634066256497192
FaceDet,1243.5399999999995,795.9113103448276,0.8053268627920247,1249.0329559748427,0.7806093911949187
High Resources - Low Resources,13545.48953051643,6508.906056338029,0.8302596141672233,11112.167597765361,0.9413541751504967
Homogeneous,3688.083990610327,2826.0052816901407,0.6042888390084292,1277.4878124999996,1.369389103761019
LogPro,8.014086021504825,0.9849999999999998,0.9590633699025545,1.4222352941173177,2.654561998511237
Low Resources - High Resources,13416.221502347413,6533.70133802817,0.8265316558753618,10318.853488372091,0.9308050211545497
Random,11144.824366197181,9655.504929577466,0.5749074398702861,12797.623882352938,0.6477631927684222
Staircase,10611.974366197182,11262.724225352114,0.38837719220909483,7961.122645161289,0.8572120818006532
VidPro,563.6346478873238,192.0713013698629,0.4601562419207196,390.35096385542147,0.7064450496047271
