Workflow,ChunkFunc,SLAM,StepConf
Cyclic,1.0,0.6666666666666666,0.9624413145539906
FaceDet,1.0,0.6807511737089201,0.7464788732394366
High Resources - Low Resources,1.0,0.6666666666666666,0.84037558685446
Homogeneous,1.0,0.6666666666666666,0.6009389671361502
LogPro,1.0,0.6666666666666666,0.913978494623656
Low Resources - High Resources,1.0,0.6666666666666666,0.8075117370892019
Random,1.0,0.6666666666666666,0.7981220657276995
Staircase,1.0,0.6666666666666666,0.727699530516432
VidPro,1.0,0.6854460093896714,0.7793427230046949
